{
  "mode": "julia",
  "n": 389,
  "horizon": 4,
  "power": 2,
  "x_c": -0.6365000000000001,
  "y_c": -0.406,
  "lims_x": [
    0.0879335195516209,
    0.0929740988398687
  ],
  "lims_y": [
    0.6751039294218665,
    0.6795230674280015
  ],
  "colourmap": "turbo",
  "regime": "standard",
  "shading": false
}