{
  "mode": "julia",
  "n": 298,
  "horizon": 4,
  "power": 2,
  "x_c": 0.3560000000000001,
  "y_c": -0.344,
  "lims_x": [
    -0.5594022984050546,
    -0.5175294681325703
  ],
  "lims_y": [
    0.2976064344549561,
    0.33781219654329
  ],
  "colourmap": "twilight_shifted_r",
  "regime": "sin",
  "freq": 0.005,
  "shading": false
}